player,team,position,minutes,goals,assits,cs,points,bonus,price
Abdi,WAT,MID,0,0,0,0,0,0,5
Adam,STK,MID,1491,1,4,6,59,5,4.6
Adomah,MID,MID,122,0,0,0,3,0,5.4
Adri�n,WHU,GKP,1440,0,0,6,64,6,4.6
Afellay,STK,MID,384,0,0,0,15,0,5.4
Afobe,BOU,FWD,1458,6,5,5,88,9,5.3
Agyei,BUR,FWD,25,0,0,0,3,0,4.5
Ag�ero,MCI,FWD,2404,20,5,8,175,32,12.7
Aina,CHE,DEF,26,0,0,0,3,0,4.5
Akpom,ARS,FWD,0,0,0,0,0,0,5.1
Ak�,CHE,DEF,834,3,1,3,55,8,3.9
Albrighton,LEI,MID,2412,2,6,8,95,3,5
Alderweireld,TOT,DEF,2601,1,0,14,120,4,6.4
Alexander-Arnold,LIV,MID,167,0,0,0,8,0,4.3
Allen,STK,MID,2930,6,3,10,118,10,4.9
Alli,TOT,MID,3036,18,11,17,225,17,9.1
Allsop,BOU,GKP,90,0,0,0,3,0,4
Alonso,CHE,DEF,2693,6,5,15,177,11,6.9
Amartey,LEI,MID,1673,1,1,4,53,3,4.3
Amat,SWA,DEF,1409,0,0,2,21,0,3.8
Amrabat,WAT,MID,2091,0,3,4,65,5,5
Anderson,CRY,FWD,0,0,0,0,0,0,4.5
Angelino,MCI,DEF,0,0,0,0,0,0,4.3
Anichebe,SUN,FWD,1219,3,1,3,48,5,4.3
Antonio,WHU,MID,2433,9,8,7,132,8,6.7
Anya,WAT,MID,10,0,0,0,1,0,4.5
Arbeloa,WHU,DEF,258,0,0,0,0,0,4.5
Arfield,BUR,MID,2103,1,2,6,69,3,5.2
Arlauskis,WAT,GKP,0,0,0,0,0,0,4
Arnautovic,STK,MID,2713,6,7,9,117,8,7.1
Arter,BOU,MID,2956,1,4,9,84,6,5
Asano,ARS,FWD,0,0,0,0,0,0,4.9
Asoro,SUN,MID,10,0,0,0,1,0,4.4
Austin,SOU,FWD,934,6,1,6,62,10,6.3
Ayala,MID,DEF,918,1,0,3,31,0,4.7
Ayew,WHU,MID,1439,6,3,6,89,5,7.1
Ayew,SWA,FWD,867,1,4,5,39,2,5
Azpilicueta,CHE,DEF,3420,1,5,16,170,22,6.4
Baba Rahman,CHE,DEF,0,0,0,0,0,0,5.5
Bailly,MUN,DEF,2058,0,0,13,105,14,5.5
Baines,EVE,DEF,2819,2,5,11,135,15,5.8
Balotelli,LIV,FWD,0,0,0,0,0,0,6.3
Bamford,MID,FWD,326,1,0,0,21,2,4.9
Baptiste,MID,DEF,0,0,0,0,0,0,4
Bardsley,STK,DEF,1168,0,0,3,27,0,4.2
Barkley,EVE,MID,2900,5,11,12,144,11,7
Barnes,BUR,FWD,1774,6,3,6,81,10,4.6
Barrag�n,MID,DEF,2193,0,0,7,71,8,4.3
Barrow,SWA,FWD,1145,0,2,4,34,0,5
Barry,EVE,MID,2109,2,1,7,68,3,4.3
Barton,BUR,MID,1105,1,2,4,37,0,4.1
Bast�n,SWA,FWD,561,1,2,1,32,1,6.6
Batshuayi,CHE,FWD,254,5,1,0,48,4,8.4
Batty,HUL,MID,0,0,0,0,0,0,4.5
Begovic,CHE,GKP,180,0,0,0,2,0,4.6
Behrami,WAT,MID,2030,0,0,5,48,0,4.5
Beller�n,ARS,DEF,2503,1,5,10,119,12,6.5
Benalouane,LEI,DEF,917,0,0,4,27,0,4
Bentaleb,TOT,MID,0,0,0,0,0,0,4.5
Berahino,STK,FWD,963,0,0,4,26,0,6
Berghuis,WAT,MID,0,0,0,0,0,0,5
Bernardo,MID,DEF,975,0,0,4,35,3,4.2
Bertrand,SOU,DEF,2507,2,5,12,123,9,5.6
Besic,EVE,MID,0,0,0,0,0,0,4.3
Blind,MUN,DEF,1830,1,2,9,98,14,5.2
Boateng,CRY,MID,0,0,0,0,0,0,4.5
Bojan,STK,MID,475,3,0,0,30,4,5.5
Bolasie,EVE,MID,1048,1,4,3,45,3,5.6
Bony,STK,FWD,684,2,0,3,29,3,6.9
Borini,SUN,FWD,1742,2,0,5,49,3,5.1
Borthwick-Jackson,MUN,DEF,0,0,0,0,0,0,4.4
Boruc,BOU,GKP,3150,0,0,9,120,7,4.5
Boufal,SOU,MID,1104,1,1,3,40,1,6.7
Bowen,HUL,FWD,181,0,0,0,8,0,4.5
Boyd,BUR,MID,2837,2,2,9,92,2,5.1
Brady,BUR,MID,719,1,3,1,39,4,5.5
Brannagan,LIV,MID,0,0,0,0,0,0,4.2
Bravo,MCI,GKP,1968,0,0,6,73,3,5
Brewster,LIV,FWD,0,0,0,0,0,0,4.5
Britos,WAT,DEF,2280,1,2,6,71,8,4.2
Britton,SWA,MID,1163,0,0,5,32,0,4.4
Browne,WHU,MID,0,0,0,0,0,0,4.5
Browning,EVE,DEF,0,0,0,0,0,0,3.9
Bruce,HUL,DEF,0,0,0,0,0,0,4
Brunt,WBA,DEF,2477,3,4,4,99,11,4.8
Burke,WHU,DEF,0,0,0,0,0,0,4
Butland,STK,GKP,450,0,0,2,20,2,4.5
Byram,WHU,DEF,1249,0,1,3,29,2,4.2
Caballero,MCI,GKP,1452,0,0,6,64,1,4.8
Cabaye,CRY,MID,2125,4,4,7,91,6,5.6
Cahill,CHE,DEF,3296,6,0,17,178,15,6.7
Calleri,WHU,FWD,540,1,0,3,23,0,6.6
Callum Wilson,BOU,FWD,1361,6,1,6,63,2,6
Calvert-Lewin,EVE,FWD,347,1,0,0,17,1,4.5
Cameron,STK,DEF,1629,0,1,6,58,5,4.2
Campbell,ARS,MID,0,0,0,0,0,0,5.9
Campbell,CRY,FWD,165,1,0,0,16,0,4.4
Can,LIV,MID,2371,5,2,9,104,12,4.8
Capoue,WAT,MID,3204,7,2,7,131,14,4.5
Cargill,BOU,DEF,13,0,0,0,1,0,4
Carrick,MUN,MID,1601,0,0,5,42,0,4.2
Carroll,SWA,MID,1389,1,2,5,52,4,4.1
Carroll,WHU,FWD,1312,7,2,3,69,6,5.9
Carter-Vickers,TOT,DEF,0,0,0,0,0,0,4.3
Cathcart,WAT,DEF,1162,0,1,2,31,3,4.3
Cattermole,SUN,MID,633,0,0,0,12,0,4.2
Cazorla,ARS,MID,618,2,2,4,38,5,7
Cech,ARS,GKP,3097,0,0,12,134,2,5.4
Chadli,WBA,MID,2135,5,6,6,110,8,5.8
Chalobah,CHE,MID,167,0,1,0,12,0,4.5
Chamberlain,ARS,MID,1564,2,7,4,83,3,5.8
Chambers,MID,DEF,2250,2,1,7,83,7,4.3
Chester,WBA,DEF,0,0,0,0,0,0,4.5
Chilwell,LEI,DEF,699,1,0,1,19,0,4.3
Chirivella,LIV,MID,0,0,0,0,0,0,4.2
Christian Benteke,CRY,FWD,3131,15,2,7,136,13,7.2
Clackstone,HUL,DEF,0,0,0,0,0,0,4
Clasie,SOU,MID,1022,1,1,2,38,3,4.6
Clayton,MID,MID,2804,0,2,10,70,0,4.3
Cleverley,WAT,MID,1848,0,3,3,55,0,5.1
Clichy,MCI,DEF,2123,1,0,8,87,9,5.2
Clucas,HUL,MID,3186,3,1,5,87,4,4.7
Clyne,LIV,DEF,3323,0,2,12,129,13,5.9
Coleman,EVE,DEF,2316,4,4,10,133,15,5.6
Collins,WHU,DEF,1655,2,0,6,69,7,4.2
Coquelin,ARS,MID,1779,0,1,5,52,1,4.2
Cork,SWA,MID,2232,0,1,3,50,0,4.6
Costa,CHE,FWD,3083,20,11,14,196,25,10.4
Courtois,CHE,GKP,3240,0,0,16,141,0,5.9
Coutinho,LIV,MID,2228,13,8,8,171,21,8.7
Cresswell,WHU,DEF,2115,0,2,5,60,1,5.1
Crouch,STK,FWD,1343,7,3,4,79,7,4.4
Cuadrado,CHE,MID,0,0,0,0,0,0,6.9
Cullen,WHU,MID,0,0,0,0,0,0,4.3
C�ceres,SOU,DEF,90,0,0,0,2,0,5
C�dric,SOU,DEF,2515,0,3,11,102,11,4.9
Daniels,BOU,DEF,3060,4,3,10,134,14,5.2
Dann,CRY,DEF,1752,3,1,2,61,4,5.1
Darikwa,BUR,DEF,0,0,0,0,0,0,4.2
Darmian,MUN,DEF,1333,0,0,9,70,6,5
David Luiz,CHE,DEF,2954,1,1,15,132,10,6.2
Davies,HUL,DEF,2135,0,2,1,38,3,4.9
Davies,TOT,DEF,1739,1,3,8,90,5,5
Davies,EVE,MID,1544,2,3,8,63,0,4.4
Davis,SOU,MID,2643,0,3,10,77,0,5.1
Dawson,HUL,DEF,1722,3,0,1,46,4,4.2
Dawson,WBA,DEF,3276,4,0,6,102,6,4.9
De Bruyne,MCI,MID,2877,6,21,11,199,33,10.5
de Gea,MUN,GKP,3150,0,0,14,136,5,5.5
de Laet,LEI,DEF,0,0,0,0,0,0,4.4
De Pena,MID,MID,0,0,0,0,0,0,4.2
de Roon,MID,MID,2773,4,1,8,91,5,4.3
de Sart,MID,MID,0,0,0,0,0,0,4.3
Dearnley,MUN,MID,0,0,0,0,0,0,4.5
Debuchy,ARS,DEF,15,0,0,0,1,0,4.6
Deeney,WAT,FWD,2944,10,4,6,130,18,6.6
Defoe,SUN,FWD,3322,15,3,6,166,24,7.4
Defour,BUR,MID,1068,1,3,5,54,6,5.6
Delaney,CRY,DEF,2014,0,2,3,51,3,4.8
Delph,MCI,MID,224,1,0,0,13,0,4.7
Demb�l�,TOT,MID,2056,1,2,11,76,6,5.4
Denayer,SUN,DEF,1878,0,0,6,56,2,4.7
Depay,MUN,MID,24,0,0,0,3,0,7.1
Deulofeu,EVE,MID,460,0,0,0,13,0,5.9
Diam�,HUL,MID,0,0,0,0,0,0,5.5
Dier,TOT,MID,3043,2,0,16,93,4,5
Diomande,HUL,FWD,1171,2,0,2,42,2,4.3
Diouf,STK,FWD,1385,1,2,5,51,2,5.7
Dja Dj�dj�,WAT,DEF,0,0,0,0,0,0,4.4
Djilobodji,SUN,DEF,1577,0,0,2,24,0,4.2
Doucour�,WAT,MID,1352,1,0,4,38,0,4.6
Downing,MID,MID,2214,1,3,7,77,3,4.8
Dreher,CRY,MID,0,0,0,0,0,0,4.4
Drinkwater,LEI,MID,2466,1,1,8,69,3,5.3
Dyer,SWA,MID,214,0,1,0,12,0,4.7
Eduardo,CHE,GKP,0,0,0,0,0,0,4.5
Edwards,STK,DEF,0,0,0,0,0,0,4
Ejaria,LIV,MID,8,0,0,0,2,0,4.4
Elabdellaoui,HUL,DEF,615,0,0,1,13,0,4.4
Eleftheriou,WAT,DEF,52,0,0,0,0,0,4
Elmohamady,HUL,MID,2523,0,2,3,62,1,4.6
Elneny,ARS,MID,694,0,1,3,26,0,4.5
Embleton,SUN,MID,0,0,0,0,0,0,4.4
Emnes,SWA,FWD,0,0,0,0,0,0,4.4
Eriksen,TOT,MID,3159,8,20,16,218,30,8.9
Ethan Robson,SUN,MID,0,0,0,0,0,0,4.5
Evandro,HUL,MID,576,0,0,3,18,0,4.9
Evans,WBA,DEF,2637,2,1,4,79,7,4.4
Fabianski,SWA,GKP,3330,0,0,8,116,8,4.8
Fabio,MID,DEF,1847,0,0,6,58,8,4.2
Federici,BOU,GKP,180,0,0,1,8,1,4.4
Feghouli,WHU,MID,1042,3,3,1,55,4,5
Fellaini,MUN,MID,1604,1,0,10,48,0,5.8
Fer,SWA,MID,2405,6,2,4,95,5,4.8
Fernandes,WHU,MID,1002,0,1,3,38,0,4.7
Fernandinho,MCI,MID,2755,2,1,10,78,3,5.3
Fernando,MCI,MID,568,0,0,1,18,1,4.7
Fern�ndez,SWA,DEF,2430,0,1,6,63,4,4.2
Field,WBA,MID,275,0,0,1,9,0,4.3
Firmino,LIV,MID,3062,11,11,11,180,17,8.5
Fischer,MID,MID,438,0,3,1,25,0,4.9
Flamini,CRY,MID,274,0,0,0,12,0,4.2
Flanagan,BUR,DEF,360,0,0,1,9,0,4.3
Fletcher,WBA,MID,3231,2,3,8,103,2,4.4
Fletcher,WHU,FWD,367,0,0,0,16,0,5
Folivi,WAT,FWD,10,0,0,0,1,0,4.5
Fonte,WHU,DEF,2934,0,0,11,98,10,5.3
Forshaw,MID,MID,2695,0,2,9,77,3,4.5
Forster,SOU,GKP,3420,0,0,14,134,4,5
Foster,WBA,GKP,3420,0,0,6,113,4,4.7
Fosu-Mensah,MUN,DEF,97,0,0,1,9,0,4.1
Francis,BOU,DEF,2938,0,1,10,89,7,4.5
Fraser,BOU,MID,1764,3,9,7,100,8,4.6
Friend,MID,DEF,1964,0,3,4,59,6,4.2
Fry,MID,DEF,0,0,0,0,0,0,4
Fryers,CRY,DEF,188,0,1,0,9,0,4.5
Fuchs,LEI,DEF,3103,2,4,8,104,10,5.3
Fulton,SWA,MID,690,0,0,3,19,0,4.4
Funes Mori,EVE,DEF,1543,0,1,7,69,4,4.5
F�bregas,CHE,MID,1340,5,15,4,121,14,7
Gabbiadini,SOU,FWD,724,4,1,3,38,4,6.4
Gabriel,ARS,DEF,1517,0,0,5,45,2,4.8
Galloway,EVE,DEF,247,0,0,1,9,0,4
Gamboa,WBA,DEF,0,0,0,0,0,0,4
Garc�a,MCI,MID,77,0,0,0,4,0,5
Gardner,WBA,MID,218,0,1,1,14,0,5.1
Gardos,SOU,DEF,0,0,0,0,0,0,4
Gazzaniga,SOU,GKP,0,0,0,0,0,0,4.5
Gestede,MID,FWD,533,1,0,1,21,0,4.5
Gibbs,ARS,DEF,702,0,1,6,45,3,4.7
Gibson,SUN,MID,640,0,0,1,17,0,4.3
Gibson,MID,DEF,3420,1,1,11,121,14,4.9
Gilmartin,WAT,GKP,0,0,0,0,0,0,4
Giroud,ARS,FWD,1206,12,5,4,116,17,8.1
Given,STK,GKP,450,0,0,0,13,3,4.2
Gnabry,ARS,MID,0,0,0,0,0,0,5
Gomes,WAT,GKP,3337,0,0,7,113,6,4.9
Gomes,MUN,MID,3,0,0,0,1,0,4.5
Gomez,LIV,DEF,0,0,0,0,0,0,4.8
Gomis,SWA,FWD,0,0,0,0,0,0,6.5
Gooch,SUN,MID,366,0,0,1,12,0,4.1
Gosling,BOU,MID,1366,2,0,4,49,2,4.7
Grabban,BOU,FWD,60,0,1,0,6,0,4.3
Gradel,BOU,MID,134,0,0,0,8,0,5
Grant,STK,GKP,2520,0,0,9,106,9,4.3
Gray,BUR,FWD,2260,9,3,8,108,10,6
Gray,LEI,MID,1049,1,4,4,58,0,4.8
Grosicki,HUL,MID,1143,0,5,3,43,0,5.5
Grujic,LIV,MID,43,0,0,0,4,0,4.3
Gudmundsson,BUR,MID,999,1,3,3,47,3,4.8
Gueye,EVE,MID,2681,1,2,9,80,9,5
Gunn,MCI,GKP,0,0,0,0,0,0,4
Guzan,MID,GKP,900,0,0,3,36,3,4.2
Gu�dioura,MID,MID,861,0,1,0,26,0,4.2
G�ndogan,MCI,MID,704,3,1,3,41,2,4.9
Hamer,LEI,GKP,0,0,0,0,0,0,4.3
Harper,WBA,MID,0,0,0,0,0,0,4.5
Harrop,MUN,MID,90,1,0,1,8,0,4.5
Hart,MCI,GKP,0,0,0,0,0,0,5.3
Hassen,SOU,GKP,0,0,0,0,0,0,4
Haugaard,STK,GKP,0,0,0,0,0,0,4.3
Hazard,CHE,MID,2985,16,9,17,224,33,10.5
Heaton,BUR,GKP,3150,0,0,10,149,21,5.1
Henderson,LIV,MID,2116,1,4,7,73,9,6.2
Hendrick,BUR,MID,2691,2,1,9,76,1,5.3
Hennessey,CRY,GKP,2610,0,0,7,92,4,4.3
Hennings,BUR,FWD,0,0,0,0,0,0,4.5
Henriksen,HUL,MID,638,0,0,0,20,0,4.9
Hern�ndez,HUL,FWD,1425,4,4,4,72,6,5.9
Hern�ndez,LEI,DEF,327,0,0,0,3,0,4.2
Herrera,MUN,MID,2465,1,6,13,97,11,6.2
Hesketh,SOU,MID,0,0,0,0,0,0,4.5
Hewelt,EVE,GKP,0,0,0,0,0,0,4
Hinchcliffe,HUL,FWD,0,0,0,0,0,0,4.5
Hoban,WAT,DEF,0,0,0,0,0,0,4
Holding,ARS,DEF,810,0,0,4,32,3,4.1
Holebas,WAT,DEF,2905,2,4,7,87,9,4.6
Holgate,EVE,DEF,1372,0,1,5,54,5,4.1
Holland,WHU,MID,0,0,0,0,0,0,4.5
Honeyman,SUN,MID,235,0,0,1,7,0,4.5
Huddlestone,HUL,MID,2025,1,2,4,62,5,4.5
Husband,MID,DEF,58,0,0,0,0,0,4
Husin,CRY,MID,0,0,0,0,0,0,4.5
Huth,LEI,DEF,2926,2,2,9,88,1,4.9
Hyndman,BOU,MID,0,0,0,0,0,0,4.4
H�jbjerg,SOU,MID,1300,0,0,6,38,0,4.2
Ibe,BOU,MID,1055,0,0,3,36,0,4.9
Ibrahimovic,MUN,FWD,2438,17,7,11,163,28,11.4
Ighalo,WAT,FWD,1291,1,1,2,39,2,6.8
Iheanacho,MCI,FWD,537,4,3,1,52,6,6
Imbula,STK,MID,796,0,1,2,24,1,4.5
Ings,LIV,FWD,0,0,0,0,0,0,5.4
Inler,LEI,MID,0,0,0,0,0,0,4.4
Ireland,STK,MID,0,0,0,0,0,0,4.4
Isgrove,SOU,MID,0,0,0,0,0,0,4.4
Ivanovic,CHE,DEF,589,0,1,1,23,2,5.6
Iwobi,ARS,MID,1456,3,5,9,89,8,5.3
Jagielka,EVE,DEF,2251,3,3,6,104,16,4.9
Jakupovic,HUL,GKP,1980,0,0,5,86,7,4.1
James,SWA,MID,0,0,0,0,0,0,4.5
James,LEI,MID,1,0,0,0,1,0,4.5
Janmaat,WAT,DEF,1614,2,1,2,50,0,4.5
Janssen,TOT,FWD,845,2,3,3,55,3,7.5
Januzaj,SUN,MID,1628,0,3,3,49,0,5.3
Jedinak,CRY,MID,90,0,0,0,2,0,4.5
Jenkinson,ARS,DEF,82,0,0,0,2,0,4.8
Jesus,MCI,FWD,651,7,4,3,67,12,9.1
Joe Williams,EVE,MID,0,0,0,0,0,0,4.5
Joel Pereira,MUN,GKP,90,0,0,1,6,0,4
Johnson,STK,DEF,1957,0,0,6,56,3,4.7
Jonathan Benteke,CRY,FWD,7,0,0,0,1,0,4.3
Jones,BUR,MID,86,0,0,0,1,0,5
Jones,MUN,DEF,1584,0,0,5,55,4,4.5
Jones,SUN,DEF,2270,1,0,5,56,6,4.4
Joselu,STK,FWD,0,0,0,0,0,0,5.3
Josh Robson,SUN,DEF,0,0,0,0,0,0,4
Jutkiewicz,BUR,FWD,13,0,0,0,2,0,4.3
Kabasele,WAT,DEF,771,2,0,1,35,1,4.8
Kaboul,WAT,DEF,1910,2,0,4,57,1,4.3
Kaikai,CRY,MID,24,0,0,0,1,0,4.5
Kane,TOT,FWD,2523,29,7,14,224,33,11.9
Kant�,CHE,MID,3138,1,1,13,83,1,4.7
Kapustka,LEI,MID,0,0,0,0,0,0,5
Karius,LIV,GKP,900,0,0,3,32,0,4.3
Keane,BUR,DEF,3150,2,1,10,113,10,5
Keane,HUL,FWD,280,0,0,1,8,0,4.4
Kelly,CRY,DEF,2124,0,2,2,46,0,4.2
Kemp,WHU,MID,0,0,0,0,0,0,4.5
Kenedy,CHE,MID,90,0,0,0,3,0,5.1
Kenny,EVE,DEF,13,0,0,0,1,0,4
Khazri,SUN,MID,849,1,0,1,31,3,6
Ki Sung-yueng,SWA,MID,1291,0,1,4,41,0,5
Kightly,BUR,MID,104,0,0,0,6,0,4.2
King,BOU,MID,2714,16,3,9,178,17,6.2
King,LEI,MID,1446,1,0,1,41,1,4.7
Kingsley,SWA,DEF,1036,0,0,3,29,2,3.9
Kirchhoff,SUN,MID,433,0,1,0,12,0,4.2
Klavan,LIV,DEF,1410,0,0,3,43,4,4.4
Kolarov,MCI,DEF,2535,1,1,9,95,7,5.8
Kompany,MCI,DEF,820,3,0,5,57,6,6
Konstantopoulos,MID,GKP,0,0,0,0,0,0,4.1
Kon�,EVE,FWD,78,0,0,0,6,0,5.1
Kon�,SUN,DEF,2545,1,0,5,69,5,4.2
Koscielny,ARS,DEF,2821,2,1,10,121,19,6.1
Kouyat�,WHU,MID,2723,1,1,9,79,3,5
Kuciak,HUL,GKP,0,0,0,0,0,0,4
Ladapo,CRY,FWD,0,0,0,0,0,0,4.5
Lafferty,BUR,DEF,0,0,0,0,0,0,4
Lallana,LIV,MID,2338,8,7,9,139,14,6.7
Lambert,WBA,FWD,13,0,0,0,1,0,5.4
Lamela,TOT,MID,595,1,1,4,28,4,6.6
Lanzini,WHU,MID,2708,8,3,9,133,20,5.9
Larsson,SUN,MID,1468,0,3,3,40,0,4.7
Leadbitter,MID,MID,710,1,0,3,28,1,4.3
Ledger,SUN,DEF,0,0,0,0,0,0,4
Ledley,CRY,MID,1160,1,1,2,40,1,4.3
Lee Chung-yong,CRY,MID,471,0,1,2,24,0,4.2
Leko,WBA,MID,118,0,1,0,12,0,4.1
Lenihan,HUL,DEF,0,0,0,0,0,0,3.9
Lennon,EVE,MID,509,0,1,2,22,0,5.5
Lens,SUN,MID,69,0,0,0,2,0,5.9
Lescott,SUN,DEF,124,0,0,0,1,0,3.9
Lesniak,TOT,MID,5,0,1,0,4,0,4.5
Lewis,SOU,GKP,0,0,0,0,0,0,4
Lewis Cook,BOU,MID,432,0,2,1,17,1,4.2
Lingard,MUN,MID,1360,1,3,7,60,3,5.6
Livermore,WBA,MID,2970,1,1,4,77,2,4.7
Llorente,SWA,FWD,2442,15,3,5,146,22,6.3
Lloris,TOT,GKP,3004,0,0,15,143,6,5.5
Loftus-Cheek,CHE,MID,35,0,0,0,6,0,5
Long,BUR,FWD,0,0,0,0,0,0,4.5
Long,SOU,FWD,1262,3,2,2,57,2,6.1
Long,BUR,DEF,270,0,0,0,3,0,4
Lookman,EVE,MID,289,1,0,1,16,0,5
Love,SUN,DEF,611,0,1,1,21,1,3.8
Lovren,LIV,DEF,2553,2,1,11,106,6,4.9
Lowton,BUR,DEF,3240,0,2,9,90,5,4.5
Lucas,LIV,MID,1112,0,3,4,47,2,4.4
Luer,HUL,FWD,0,0,0,0,0,0,4.4
Lukaku,EVE,FWD,3266,25,6,13,221,33,10.1
MacDonald,BOU,MID,0,0,0,0,0,0,4.5
Macey,ARS,GKP,0,0,0,0,0,0,4
Maffeo,MCI,DEF,0,0,0,0,0,0,4.5
Maguire,HUL,DEF,2307,2,3,4,71,5,4.4
Mahrez,LEI,MID,2826,6,4,9,120,9,8.9
Maitland-Niles,ARS,MID,2,0,0,0,1,0,4.5
Maja,SUN,FWD,0,0,0,0,0,0,4.5
Makasi,WHU,MID,0,0,0,0,0,0,4.5
Maloney,HUL,MID,283,1,2,1,24,2,4.3
Mandanda,CRY,GKP,810,0,0,0,19,0,4.2
Mangala,MCI,DEF,0,0,0,0,0,0,5.4
Manninger,LIV,GKP,0,0,0,0,0,0,4
Mannone,SUN,GKP,810,0,0,2,34,6,4
Manquillo,SUN,DEF,1430,1,0,2,38,0,4.3
Man�,LIV,MID,2242,13,7,8,156,14,9.3
Marc Wilson,WBA,DEF,255,0,0,0,0,0,3.8
Mariappa,WAT,DEF,562,0,0,1,15,3,4
Markovic,HUL,MID,1005,2,0,5,37,2,5.2
Marney,BUR,MID,1764,1,2,5,51,1,4.3
Marshall,HUL,GKP,1440,0,0,0,32,0,4.4
Martial,MUN,MID,1553,4,6,9,95,9,9.2
Martina,SOU,DEF,592,0,0,3,31,5,4.3
Martinez,ARS,GKP,180,0,0,1,8,0,3.9
Martins Indi,STK,DEF,3146,1,0,11,106,9,4.9
Mason,HUL,MID,927,1,0,0,26,0,4.6
Mason,WAT,DEF,113,0,0,0,1,0,3.9
Masuaku,WHU,DEF,972,0,1,3,34,7,4.7
Mata,MUN,MID,1614,6,3,10,102,14,7.2
Matic,CHE,MID,2694,1,8,15,105,1,4.8
Matip,LIV,DEF,2457,1,0,9,97,7,5.4
Matthews,SUN,DEF,0,0,0,0,0,0,4
Mawson,SWA,DEF,2430,4,0,7,94,9,4.6
Mbokani,HUL,FWD,764,0,2,3,27,0,5.4
McArthur,CRY,MID,1999,5,3,3,93,8,4.7
McAuley,WBA,DEF,3140,6,1,7,131,14,5
McBurnie,SWA,FWD,82,0,0,0,5,0,4.5
McCarthy,SOU,GKP,0,0,0,0,0,0,4.3
McCarthy,EVE,MID,613,1,1,0,23,0,4.7
McClean,WBA,MID,1477,1,3,2,52,1,4.8
McGee,TOT,GKP,0,0,0,0,0,0,3.9
McGregor,HUL,GKP,0,0,0,0,0,0,4.4
McManaman,WBA,MID,0,0,0,0,0,0,4.3
McNair,SUN,DEF,353,0,0,1,12,0,4.2
McQueen,SOU,MID,616,0,1,1,23,0,4.2
McTominay,MUN,MID,97,0,0,1,3,0,4.5
Mee,BUR,DEF,3015,1,2,9,94,6,4.4
Mendy,LEI,MID,269,0,0,1,6,0,4.4
Mertesacker,ARS,DEF,38,0,0,0,1,0,4.8
Meyler,HUL,MID,962,1,0,2,33,0,4.4
Miazga,CHE,DEF,0,0,0,0,0,0,4.4
Mignolet,LIV,GKP,2520,0,0,9,110,7,4.8
Mika,SUN,GKP,0,0,0,0,0,0,4.4
Mikel,CHE,MID,0,0,0,0,0,0,4.4
Milivojevic,CRY,MID,1224,2,0,5,42,3,5
Milner,LIV,MID,3154,7,4,12,139,16,6.3
Mings,BOU,DEF,506,0,0,0,4,2,4.5
Mirallas,EVE,MID,2074,4,8,11,119,8,5.9
Mitchell,MUN,DEF,90,0,0,1,8,2,4
Mkhitaryan,MUN,MID,1348,4,1,10,73,3,8.7
Monreal,ARS,DEF,3153,0,3,11,115,9,5.9
Montero,SWA,MID,380,0,1,0,18,0,5
Moore,LEI,DEF,0,0,0,0,0,0,4
Moreno,LIV,DEF,305,0,1,0,15,1,4.4
Morgan,LEI,DEF,2430,1,1,5,63,0,4.6
Morrison,WBA,MID,1741,5,2,4,84,4,4.3
Moses,CHE,MID,2485,3,3,17,105,6,5.5
Mousset,BOU,FWD,270,0,1,1,14,0,5.1
Muniesa,STK,DEF,650,1,0,3,34,3,4
Musa,LEI,FWD,761,2,0,1,39,5,6.9
Mustafi,ARS,DEF,2274,2,2,8,90,8,5.8
Mutch,CRY,MID,53,0,0,0,4,0,4.2
Myhill,WBA,GKP,0,0,0,0,0,0,4.1
N'Diaye,HUL,MID,1273,1,0,4,34,2,4.1
N'Jie,TOT,FWD,0,0,0,0,0,0,5.9
Narsingh,SWA,MID,416,0,3,1,25,0,5.1
Nasri,MCI,MID,16,0,0,0,1,0,6.4
Naughton,SWA,DEF,2714,1,0,8,82,7,4.4
Navas,MCI,MID,1064,0,3,2,48,6,6.1
Ndidi,LEI,MID,1521,2,3,4,59,2,4.6
Ndong,SUN,MID,2520,1,1,5,67,1,4.8
Negredo,MID,FWD,2872,9,5,10,130,17,6.1
Ngoy,STK,FWD,49,0,0,0,5,0,4.5
Niang,WAT,FWD,1246,2,2,3,49,6,5.8
Niasse,HUL,FWD,1096,4,1,2,44,3,5.5
Nkoudou,TOT,MID,54,0,0,0,8,0,6.8
Noble,WHU,MID,2389,3,0,8,71,5,6.2
Nolito,MCI,MID,777,4,3,3,54,2,8.4
Nordfeldt,SWA,GKP,90,0,0,0,3,0,3.9
Nordtveit,WHU,MID,957,0,1,3,31,0,4.7
Nsue,MID,DEF,320,0,0,1,10,0,4.1
Nugent,MID,FWD,43,0,0,0,4,0,4.6
Nyom,WBA,DEF,2638,0,2,5,74,6,4.4
O'Hara,MUN,GKP,0,0,0,0,0,0,4
O'Kane,BOU,MID,0,0,0,0,0,0,4.4
O'Neill,BUR,MID,85,0,0,0,3,0,4.3
O'Shea,SUN,DEF,2158,0,1,3,47,3,4.4
Obiang,WHU,MID,1763,1,2,4,55,6,4.3
Odubajo,HUL,DEF,0,0,0,0,0,0,4.4
Ogbonna,WHU,DEF,1755,0,0,4,45,2,4.7
Okaka,WAT,FWD,959,4,0,2,43,3,5.1
Okazaki,LEI,FWD,1565,3,1,7,63,3,5.6
Olley,HUL,MID,0,0,0,0,0,0,4.3
Olomola,SOU,MID,0,0,0,0,0,0,4.4
Olsson,WBA,DEF,590,0,0,1,8,0,4.2
Olsson,SWA,DEF,1252,2,0,4,52,3,4.1
Onomah,TOT,MID,22,0,0,0,5,0,4.2
Origi,LIV,FWD,1469,7,4,7,96,8,6
Oriol Romeu,SOU,MID,3071,1,0,13,80,4,4.4
Oscar,CHE,MID,455,0,1,1,17,0,7.1
Ospina,ARS,GKP,143,0,0,0,2,0,4.7
Otamendi,MCI,DEF,2592,1,2,9,100,10,5.9
Oular�,WAT,FWD,0,0,0,0,0,0,4.5
Oviedo,SUN,MID,1323,0,0,3,29,0,4.2
Oxford,WHU,DEF,0,0,0,0,0,0,4.2
Palmer,WBA,GKP,0,0,0,0,0,0,4
Pantilimon,WAT,GKP,83,0,0,0,2,0,4.2
Paredes,WAT,DEF,0,0,0,0,0,0,4
Pau L�pez,TOT,GKP,0,0,0,0,0,0,4.9
Payet,WHU,MID,1513,2,8,4,81,10,9
Pedro,CHE,MID,2140,9,10,15,162,18,6.8
Pennington,EVE,DEF,180,1,0,0,9,0,3.9
Pereira,MUN,MID,0,0,0,0,0,0,4.4
Pereira,WAT,MID,25,0,0,0,2,0,4.5
Pereyra,WAT,MID,1036,2,3,3,43,2,5.8
Phillips,WBA,MID,2181,4,9,6,115,12,5.3
Phillips,CRY,MID,0,0,0,0,0,0,4.5
Pickford,SUN,GKP,2610,0,0,4,102,9,4.2
Pied,SOU,DEF,129,0,0,0,5,0,4.7
Pienaar,SUN,MID,802,0,0,2,15,0,4.8
Pieters,STK,DEF,3151,0,2,10,103,9,4.6
Pike,WHU,DEF,0,0,0,0,0,0,4
Pocognoli,WBA,DEF,0,0,0,0,0,0,4
Pogba,MUN,MID,2608,5,4,13,115,14,8.2
Pope,BUR,GKP,0,0,0,0,0,0,3.9
Pritchard,TOT,MID,0,0,0,0,0,0,4.5
Pr�dl,WAT,DEF,2770,1,2,5,67,3,4.3
Pugh,BOU,MID,1329,2,3,5,64,6,4.6
Puncheon,CRY,MID,3093,0,6,7,92,6,5.1
P�rez,ARS,FWD,272,1,1,1,20,0,7.8
Quina,WHU,MID,0,0,0,0,0,0,4.5
Ramsdale,BOU,GKP,0,0,0,0,0,0,4
Ramsey,ARS,MID,1236,1,4,4,56,3,7.6
Ram�rez,MID,MID,1539,2,3,6,59,6,5.2
Randall,LIV,DEF,0,0,0,0,0,0,3.9
Randolph,WHU,GKP,1980,0,0,4,69,5,4.4
Rangel,SWA,DEF,831,1,0,1,26,1,4.1
Ranocchia,HUL,DEF,1330,2,2,3,55,9,4.5
Rantie,BOU,FWD,0,0,0,0,0,0,4.5
Rashford,MUN,FWD,1712,5,3,7,76,2,6.4
Reach,MID,MID,0,0,0,0,0,0,4.4
Redmond,SOU,MID,2898,7,1,12,126,13,5.9
Reed,SOU,MID,64,0,0,0,3,0,4.3
Reid,WHU,DEF,2587,2,3,9,102,16,4.9
Reine-Adelaide,ARS,MID,0,0,0,0,0,0,4.5
Remy,CRY,FWD,134,0,0,1,6,0,6.2
Rhodes,MID,FWD,211,0,0,0,8,0,5.4
Rice,WHU,MID,1,0,0,0,1,0,4.5
Roberts,SWA,DEF,0,0,0,0,0,0,4
Robertson,HUL,DEF,2736,1,2,5,73,4,4.4
Robinson,BUR,GKP,270,0,0,0,5,0,4
Robles,EVE,GKP,1737,0,1,10,89,5,4.7
Robson-Kanu,WBA,FWD,701,3,2,1,52,3,5
Rodriguez,SOU,MID,893,5,2,3,73,8,5.9
Rodwell,SUN,MID,1492,0,1,2,38,1,4.3
Rojo,MUN,DEF,1663,1,0,8,77,7,5.2
Romero,MUN,GKP,180,0,0,2,23,3,4.7
Rond�n,WBA,FWD,2892,8,3,6,118,10,6.3
Rooney,MUN,FWD,1540,5,5,6,76,9,8.6
Rose,TOT,DEF,1530,2,3,8,84,6,5.8
Rose,WBA,GKP,0,0,0,0,0,0,4
Routledge,SWA,MID,1917,3,2,5,74,2,4.5
Rowan,WAT,DEF,0,0,0,0,0,0,4
Sagna,MCI,DEF,1346,0,1,6,55,3,5.3
Sakho,CRY,DEF,686,0,0,4,35,6,4.7
Sakho,WHU,FWD,181,1,0,0,12,2,5.7
Sako,CRY,MID,142,0,0,0,7,0,5.3
Sanogo,ARS,FWD,0,0,0,0,0,0,4.6
San�,MCI,MID,1781,5,7,9,105,8,7.7
Schlupp,CRY,DEF,1139,0,2,3,47,4,4.7
Schmeichel,LEI,GKP,2666,0,0,8,109,10,4.9
Schneiderlin,EVE,MID,1073,1,0,5,37,1,4.5
Schweinsteiger,MUN,MID,0,0,0,0,0,0,5.1
Shaqiri,STK,MID,1699,4,2,8,80,8,6
Shashoua,TOT,MID,0,0,0,0,0,0,4.5
Shaw,MUN,DEF,688,0,3,4,45,4,5.2
Shawcross,STK,DEF,3150,1,2,9,94,6,4.9
Sheyi Ojo,LIV,MID,0,0,0,0,0,0,4.7
Sigurdsson,SWA,MID,3327,9,13,7,181,18,7.4
Silva,MCI,MID,2760,4,9,12,130,12,8.6
Simpson,LEI,DEF,2988,0,3,9,85,4,4.9
Sims,SOU,MID,211,0,1,1,12,0,4.1
Sinclair,WAT,FWD,116,0,0,0,6,0,4.8
Sissoko,TOT,MID,909,0,3,4,43,0,6.6
Slimani,LEI,FWD,1281,7,4,5,83,9,8.2
Smalling,MUN,DEF,1217,1,1,4,52,1,5.8
Smith,BOU,DEF,3101,1,5,8,104,12,4.6
Smith,BOU,DEF,269,0,0,0,4,0,3.9
Snodgrass,WHU,MID,2548,7,6,3,133,16,5.5
Sobhi,STK,MID,855,0,2,5,36,1,4.8
Solanke,CHE,FWD,0,0,0,0,0,0,5
Son,TOT,MID,2063,14,9,10,174,13,7.2
Souar�,CRY,DEF,270,0,0,0,6,0,4.1
Speroni,CRY,GKP,0,0,0,0,0,0,4.3
Spiegel,WHU,GKP,0,0,0,0,0,0,4
Stanislas,BOU,MID,1467,7,6,4,107,13,4.6
Stekelenburg,EVE,GKP,1683,0,0,4,68,3,4.7
Stephens,SOU,DEF,1471,0,1,6,60,10,4.2
Sterling,MCI,MID,2509,7,14,9,149,11,7.5
Steve Cook,BOU,DEF,3420,2,0,10,112,17,4.8
Stewart,LIV,DEF,20,0,0,0,4,0,4.2
Stewart,WAT,MID,0,0,0,0,0,0,4.5
Stones,MCI,DEF,2014,0,0,4,59,4,4.6
Stryjek,SUN,GKP,0,0,0,0,0,0,4
Stuani,MID,FWD,1355,4,0,4,54,4,4.6
Sturridge,LIV,FWD,775,3,5,3,54,2,9.7
Success,WAT,MID,519,1,1,1,28,0,5.7
Surman,BOU,MID,1800,0,1,4,44,0,4.6
Surridge,BOU,FWD,0,0,0,0,0,0,4.5
Su�rez,WAT,MID,0,0,0,0,0,0,4.5
S�nchez,ARS,MID,3217,24,11,13,264,32,11.7
Tabanou,SWA,DEF,0,0,0,0,0,0,4.4
Tadic,SOU,MID,2411,3,7,13,108,4,6.9
Targett,SOU,DEF,373,0,0,1,12,0,4.1
Tarkowski,BUR,DEF,568,0,0,1,23,0,4
Taylor,SWA,DEF,920,0,1,2,22,0,4.1
Taylor,SOU,GKP,0,0,0,0,0,0,4
Taylor,STK,DEF,0,0,0,0,0,0,4
Teixeira,STK,DEF,0,0,0,0,0,0,4
Terry,CHE,DEF,496,1,0,1,21,0,5.2
Thomas Robson,SUN,DEF,0,0,0,0,0,0,4
Tomkins,CRY,DEF,1974,3,0,6,75,5,4.8
Tosin Adarabioyo,MCI,DEF,0,0,0,0,0,0,4.5
Townsend,CRY,MID,2520,3,7,7,116,16,5.7
Traore,CHE,MID,0,0,0,0,0,0,5.4
Traor�,MID,MID,1543,0,1,6,52,2,4.8
Tremmel,SWA,GKP,0,0,0,0,0,0,4
Trippier,TOT,DEF,568,0,5,3,51,7,4.7
Tuanzebe,MUN,DEF,303,0,0,2,14,0,4
Tymon,HUL,DEF,323,0,0,1,9,0,4
T�re,WHU,MID,240,0,1,1,10,0,5.3
Ulloa,LEI,FWD,447,1,0,2,24,1,5.5
Ulvestad,BUR,MID,0,0,0,0,0,0,4.4
Vald�s,MID,GKP,2520,0,0,8,102,10,4.5
Valencia,MUN,DEF,2483,1,3,12,120,9,5.8
Valencia,EVE,FWD,927,3,3,2,54,3,5.2
van Aanholt,CRY,DEF,2498,5,1,5,98,9,4.9
van der Hoorn,SWA,DEF,662,1,0,1,16,0,4.3
van Dijk,SOU,DEF,1852,1,0,7,75,14,5.6
Van Ginkel,CHE,MID,0,0,0,0,0,0,4.9
Vardy,LEI,FWD,2801,13,8,7,161,24,9.9
Varela,MUN,DEF,0,0,0,0,0,0,4.5
Verlinden,STK,MID,0,0,0,0,0,0,4.5
Vertonghen,TOT,DEF,2894,0,0,15,126,8,5.8
Vokes,BUR,FWD,2064,10,4,5,121,12,5.7
Vorm,TOT,GKP,416,0,0,2,17,0,4.8
Vydra,WAT,FWD,3,0,0,0,1,0,4.5
Wagu�,LEI,DEF,0,0,0,0,0,0,4.4
Walcott,ARS,MID,1916,10,3,8,122,7,7.2
Walker,TOT,DEF,2701,0,6,14,142,18,6.2
Walters,STK,MID,1304,4,3,6,72,3,5.3
Wan-Bissaka,CRY,MID,0,0,0,0,0,0,4.5
Wanyama,TOT,MID,3012,4,2,12,103,7,4.8
Ward,BUR,DEF,3230,1,1,8,91,3,4.5
Ward,CRY,DEF,3417,0,1,7,86,7,4.8
Ward-Prowse,SOU,MID,1883,4,4,9,92,5,5
Wasilewski,LEI,DEF,90,0,0,0,1,0,3.9
Watmore,SUN,MID,1025,0,5,2,43,1,4.7
Watson,WAT,MID,54,0,0,0,1,0,4.2
Weir,HUL,MID,0,0,0,0,0,0,4.3
Welbeck,ARS,FWD,748,2,2,3,37,0,7.3
Westwood,BUR,MID,551,0,0,1,13,0,4.5
Whelan,STK,MID,2276,0,1,7,62,3,4.2
Wickham,CRY,FWD,412,2,0,0,18,0,5.5
Wijnaldum,LIV,MID,2974,6,9,11,149,14,7.5
Williams,CRY,MID,0,0,0,0,0,0,4.5
Williams,EVE,DEF,3160,1,3,13,127,9,5.2
Willian,CHE,MID,1534,8,3,6,114,13,7
Willock,MUN,MID,0,0,0,0,0,0,4.5
Wilshere,BOU,MID,1950,0,3,5,61,2,5.8
Wilson,MUN,FWD,0,0,0,0,0,0,5
Wilson,WBA,DEF,0,0,0,0,0,0,4
Wilson,LIV,MID,0,0,0,0,0,0,4.5
Wimmer,TOT,DEF,357,0,0,0,2,0,4.5
Winks,TOT,MID,494,1,1,0,30,0,4.5
Wollscheid,STK,DEF,180,0,0,0,1,0,4.5
Woodburn,LIV,MID,86,0,0,0,5,0,4.3
Worthington,BOU,MID,17,0,0,0,1,0,4.5
Wynter,CRY,DEF,0,0,0,0,0,0,4
Xhaka,ARS,MID,2483,2,3,10,85,7,5.2
Yacob,WBA,MID,2418,0,0,4,54,0,4.3
Yaya Tour�,MCI,MID,1941,5,0,12,86,6,7.2
Yedlin,TOT,DEF,0,0,0,0,0,0,4.4
Yoshida,SOU,DEF,2070,1,1,7,78,8,4.5
Young,MUN,MID,760,0,1,4,26,1,5
Zabaleta,MCI,DEF,1065,1,1,2,45,5,4.7
Zaha,CRY,MID,3019,7,11,7,149,13,5.8
Zaza,WHU,FWD,459,0,0,2,10,0,6
Zieler,LEI,GKP,754,0,0,1,17,0,4.4
Zinchenko,MCI,MID,0,0,0,0,0,0,5.3
Zouma,CHE,DEF,250,0,1,0,15,3,5.3
Zu�iga,WAT,DEF,823,1,1,1,38,2,4.1
Z�rate,WAT,FWD,204,0,1,0,8,0,5.2
�zil,ARS,MID,2841,8,11,12,167,19,9.5
